Auto-update on Sun May 25 16:44:38 UTC 2025
Auto-update on Mon May 26 03:35:44 UTC 2025
Auto-update on Tue May 27 03:31:03 UTC 2025
Auto-update on Wed May 28 03:32:37 UTC 2025
Auto-update on Thu May 29 03:33:41 UTC 2025
Auto-update on Fri May 30 03:32:02 UTC 2025
Auto-update on Sat May 31 03:29:54 UTC 2025
Auto-update on Sun Jun  1 03:52:34 UTC 2025
Auto-update on Mon Jun  2 03:42:21 UTC 2025
Auto-update on Tue Jun  3 03:36:05 UTC 2025
Auto-update on Wed Jun  4 03:36:31 UTC 2025
Auto-update on Thu Jun  5 03:37:08 UTC 2025
Auto-update on Fri Jun  6 03:36:35 UTC 2025
Auto-update on Sat Jun  7 03:32:59 UTC 2025
Auto-update on Sun Jun  8 03:42:35 UTC 2025
Auto-update on Mon Jun  9 03:42:13 UTC 2025
Auto-update on Tue Jun 10 03:38:08 UTC 2025
Auto-update on Wed Jun 11 03:37:54 UTC 2025
Auto-update on Thu Jun 12 03:36:59 UTC 2025
Auto-update on Fri Jun 13 03:37:50 UTC 2025
Auto-update on Sat Jun 14 03:32:09 UTC 2025
Auto-update on Sun Jun 15 03:42:24 UTC 2025
Auto-update on Mon Jun 16 03:43:09 UTC 2025
Auto-update on Tue Jun 17 03:38:06 UTC 2025
Auto-update on Wed Jun 18 03:37:22 UTC 2025
Auto-update on Thu Jun 19 03:37:50 UTC 2025
Auto-update on Fri Jun 20 03:36:46 UTC 2025
Auto-update on Sat Jun 21 03:33:53 UTC 2025
Auto-update on Sun Jun 22 03:43:53 UTC 2025
Auto-update on Mon Jun 23 03:46:08 UTC 2025
Auto-update on Tue Jun 24 03:39:00 UTC 2025
Auto-update on Wed Jun 25 03:41:00 UTC 2025
Auto-update on Thu Jun 26 02:09:49 UTC 2025
Auto-update on Fri Jun 27 02:10:28 UTC 2025
Auto-update on Sat Jun 28 02:05:58 UTC 2025
Auto-update on Sun Jun 29 02:27:08 UTC 2025
Auto-update on Mon Jun 30 02:21:47 UTC 2025
Auto-update on Tue Jul  1 02:28:08 UTC 2025
Auto-update on Wed Jul  2 02:10:02 UTC 2025
Auto-update on Thu Jul  3 02:10:31 UTC 2025
Auto-update on Fri Jul  4 02:09:38 UTC 2025
Auto-update on Sat Jul  5 02:05:36 UTC 2025
Auto-update on Sun Jul  6 02:25:38 UTC 2025
Auto-update on Mon Jul  7 02:22:10 UTC 2025
Auto-update on Tue Jul  8 02:11:03 UTC 2025
Auto-update on Wed Jul  9 02:18:28 UTC 2025
Auto-update on Thu Jul 10 02:18:32 UTC 2025
Auto-update on Fri Jul 11 02:21:42 UTC 2025
Auto-update on Sat Jul 12 02:21:55 UTC 2025
Auto-update on Sun Jul 13 02:30:35 UTC 2025
Auto-update on Mon Jul 14 02:25:57 UTC 2025
Auto-update on Tue Jul 15 02:25:18 UTC 2025
Auto-update on Wed Jul 16 02:22:04 UTC 2025
Auto-update on Thu Jul 17 02:22:43 UTC 2025
Auto-update on Fri Jul 18 02:24:08 UTC 2025
Auto-update on Sat Jul 19 02:18:08 UTC 2025
Auto-update on Sun Jul 20 02:33:13 UTC 2025
Auto-update on Mon Jul 21 02:29:37 UTC 2025
Auto-update on Tue Jul 22 02:23:32 UTC 2025
Auto-update on Wed Jul 23 02:24:42 UTC 2025
Auto-update on Thu Jul 24 02:24:05 UTC 2025
Auto-update on Fri Jul 25 02:23:34 UTC 2025
Auto-update on Sat Jul 26 02:19:48 UTC 2025
Auto-update on Sun Jul 27 02:34:04 UTC 2025
Auto-update on Mon Jul 28 02:30:34 UTC 2025
Auto-update on Tue Jul 29 02:35:29 UTC 2025
Auto-update on Wed Jul 30 02:27:00 UTC 2025
Auto-update on Thu Jul 31 02:26:12 UTC 2025
Auto-update on Fri Aug  1 02:38:22 UTC 2025
Auto-update on Sat Aug  2 02:20:29 UTC 2025
Auto-update on Sun Aug  3 02:36:45 UTC 2025
Auto-update on Mon Aug  4 02:35:58 UTC 2025
Auto-update on Tue Aug  5 02:29:32 UTC 2025
Auto-update on Wed Aug  6 02:27:37 UTC 2025
Auto-update on Thu Aug  7 02:27:51 UTC 2025
Auto-update on Fri Aug  8 02:27:39 UTC 2025
Auto-update on Sat Aug  9 02:09:49 UTC 2025
Auto-update on Sun Aug 10 02:31:45 UTC 2025
Auto-update on Mon Aug 11 02:27:20 UTC 2025
Auto-update on Tue Aug 12 02:09:18 UTC 2025
Auto-update on Wed Aug 13 02:10:53 UTC 2025
Auto-update on Thu Aug 14 02:11:59 UTC 2025
Auto-update on Fri Aug 15 02:18:17 UTC 2025
Auto-update on Sat Aug 16 02:06:08 UTC 2025
Auto-update on Sun Aug 17 02:24:05 UTC 2025
Auto-update on Mon Aug 18 02:24:27 UTC 2025
Auto-update on Tue Aug 19 02:04:48 UTC 2025
Auto-update on Wed Aug 20 02:02:43 UTC 2025
Auto-update on Thu Aug 21 02:01:38 UTC 2025
Auto-update on Fri Aug 22 02:02:30 UTC 2025
Auto-update on Sat Aug 23 01:58:04 UTC 2025
Auto-update on Sun Aug 24 02:19:09 UTC 2025
Auto-update on Mon Aug 25 02:07:23 UTC 2025
Auto-update on Tue Aug 26 02:03:25 UTC 2025
Auto-update on Wed Aug 27 01:59:36 UTC 2025
Auto-update on Thu Aug 28 01:58:33 UTC 2025
Auto-update on Fri Aug 29 01:58:37 UTC 2025
Auto-update on Sat Aug 30 01:52:58 UTC 2025
Auto-update on Sun Aug 31 02:04:42 UTC 2025
Auto-update on Mon Sep  1 02:21:10 UTC 2025
Auto-update on Tue Sep  2 02:00:46 UTC 2025
Auto-update on Wed Sep  3 01:52:38 UTC 2025
Auto-update on Thu Sep  4 01:53:10 UTC 2025
Auto-update on Fri Sep  5 01:56:04 UTC 2025
Auto-update on Sat Sep  6 01:52:53 UTC 2025
Auto-update on Sun Sep  7 02:02:06 UTC 2025
Auto-update on Mon Sep  8 02:01:43 UTC 2025
Auto-update on Tue Sep  9 01:57:40 UTC 2025
Auto-update on Wed Sep 10 01:53:39 UTC 2025
Auto-update on Thu Sep 11 01:56:47 UTC 2025
Auto-update on Fri Sep 12 01:52:33 UTC 2025
Auto-update on Sat Sep 13 01:47:37 UTC 2025
Auto-update on Sun Sep 14 02:01:24 UTC 2025
Auto-update on Mon Sep 15 02:02:59 UTC 2025
Auto-update on Tue Sep 16 01:53:48 UTC 2025
Auto-update on Wed Sep 17 01:53:40 UTC 2025
Auto-update on Thu Sep 18 01:53:42 UTC 2025
Auto-update on Fri Sep 19 01:56:55 UTC 2025
Auto-update on Sat Sep 20 01:51:49 UTC 2025
Auto-update on Sun Sep 21 02:04:49 UTC 2025
Auto-update on Mon Sep 22 02:04:45 UTC 2025
Auto-update on Tue Sep 23 01:54:22 UTC 2025
Auto-update on Wed Sep 24 01:55:49 UTC 2025
Auto-update on Thu Sep 25 01:56:49 UTC 2025
Auto-update on Fri Sep 26 01:55:55 UTC 2025
Auto-update on Sat Sep 27 01:51:32 UTC 2025
Auto-update on Sun Sep 28 02:05:41 UTC 2025
Auto-update on Mon Sep 29 01:59:11 UTC 2025
Auto-update on Tue Sep 30 01:53:48 UTC 2025
Auto-update on Wed Oct  1 02:06:45 UTC 2025
Auto-update on Thu Oct  2 01:54:21 UTC 2025
Auto-update on Fri Oct  3 01:54:02 UTC 2025
Auto-update on Sat Oct  4 01:49:27 UTC 2025
Auto-update on Sun Oct  5 02:05:08 UTC 2025
Auto-update on Mon Oct  6 01:57:23 UTC 2025
Auto-update on Tue Oct  7 01:55:15 UTC 2025
Auto-update on Wed Oct  8 01:54:47 UTC 2025
Auto-update on Thu Oct  9 01:55:57 UTC 2025
Auto-update on Fri Oct 10 01:56:32 UTC 2025
Auto-update on Sat Oct 11 01:51:40 UTC 2025
Auto-update on Sun Oct 12 02:00:26 UTC 2025
Auto-update on Mon Oct 13 02:03:53 UTC 2025
Auto-update on Tue Oct 14 01:56:44 UTC 2025
Auto-update on Wed Oct 15 01:59:51 UTC 2025
Auto-update on Thu Oct 16 01:58:31 UTC 2025
Auto-update on Fri Oct 17 01:57:16 UTC 2025
Auto-update on Sat Oct 18 01:52:16 UTC 2025
Auto-update on Sun Oct 19 02:10:40 UTC 2025
Auto-update on Mon Oct 20 02:07:25 UTC 2025
Auto-update on Tue Oct 21 02:00:42 UTC 2025
Auto-update on Wed Oct 22 02:03:56 UTC 2025
Auto-update on Thu Oct 23 01:59:19 UTC 2025
Auto-update on Fri Oct 24 01:55:15 UTC 2025
Auto-update on Sat Oct 25 01:56:54 UTC 2025
Auto-update on Sun Oct 26 02:06:27 UTC 2025
Auto-update on Mon Oct 27 02:10:38 UTC 2025
Auto-update on Tue Oct 28 01:59:50 UTC 2025
Auto-update on Wed Oct 29 02:07:11 UTC 2025
Auto-update on Thu Oct 30 02:05:49 UTC 2025
Auto-update on Fri Oct 31 02:03:07 UTC 2025
Auto-update on Sat Nov  1 02:06:45 UTC 2025
Auto-update on Sun Nov  2 02:09:32 UTC 2025
Auto-update on Mon Nov  3 02:08:32 UTC 2025
Auto-update on Tue Nov  4 02:03:34 UTC 2025
Auto-update on Wed Nov  5 02:05:04 UTC 2025
Auto-update on Thu Nov  6 02:05:03 UTC 2025
Auto-update on Fri Nov  7 02:03:33 UTC 2025
Auto-update on Sat Nov  8 01:57:05 UTC 2025
Auto-update on Sun Nov  9 02:08:20 UTC 2025
Auto-update on Mon Nov 10 02:09:40 UTC 2025
Auto-update on Tue Nov 11 02:05:44 UTC 2025
Auto-update on Wed Nov 12 02:04:36 UTC 2025
Auto-update on Thu Nov 13 02:06:54 UTC 2025
Auto-update on Fri Nov 14 02:05:16 UTC 2025
Auto-update on Sat Nov 15 02:01:05 UTC 2025
Auto-update on Sun Nov 16 02:11:16 UTC 2025
Auto-update on Mon Nov 17 02:06:31 UTC 2025
Auto-update on Tue Nov 18 02:04:30 UTC 2025
Auto-update on Wed Nov 19 02:04:28 UTC 2025
Auto-update on Thu Nov 20 02:02:57 UTC 2025
Auto-update on Fri Nov 21 02:03:34 UTC 2025
Auto-update on Sat Nov 22 01:59:27 UTC 2025
Auto-update on Sun Nov 23 02:24:52 UTC 2025
Auto-update on Mon Nov 24 02:18:35 UTC 2025
Auto-update on Tue Nov 25 02:05:58 UTC 2025
Auto-update on Wed Nov 26 02:06:29 UTC 2025
Auto-update on Thu Nov 27 02:03:50 UTC 2025
Auto-update on Fri Nov 28 02:03:21 UTC 2025
Auto-update on Sat Nov 29 02:03:15 UTC 2025
Auto-update on Sun Nov 30 02:23:37 UTC 2025
Auto-update on Mon Dec  1 02:32:32 UTC 2025
Auto-update on Tue Dec  2 02:08:11 UTC 2025
Auto-update on Wed Dec  3 02:08:00 UTC 2025
Auto-update on Thu Dec  4 02:08:54 UTC 2025
Auto-update on Fri Dec  5 02:09:02 UTC 2025
Auto-update on Sat Dec  6 02:02:21 UTC 2025
Auto-update on Sun Dec  7 02:24:14 UTC 2025
Auto-update on Mon Dec  8 02:10:13 UTC 2025
Auto-update on Tue Dec  9 02:08:50 UTC 2025
Auto-update on Wed Dec 10 02:11:11 UTC 2025
Auto-update on Thu Dec 11 02:18:41 UTC 2025
Auto-update on Fri Dec 12 02:18:20 UTC 2025
Auto-update on Sat Dec 13 02:05:34 UTC 2025
Auto-update on Sun Dec 14 02:25:02 UTC 2025
Auto-update on Mon Dec 15 02:22:29 UTC 2025
Auto-update on Tue Dec 16 02:19:00 UTC 2025
Auto-update on Wed Dec 17 02:08:16 UTC 2025
Auto-update on Thu Dec 18 02:08:47 UTC 2025
Auto-update on Fri Dec 19 02:17:47 UTC 2025
Auto-update on Sat Dec 20 02:05:12 UTC 2025
Auto-update on Sun Dec 21 02:25:10 UTC 2025
Auto-update on Mon Dec 22 02:23:59 UTC 2025
Auto-update on Tue Dec 23 02:19:22 UTC 2025
